ProcessName,RegionGroup,Parameters,Unit,2015,2020,2025,2030,2035,2040,2045,2050,2055,2060
HYD_LG,Europe,CAPEX,USD/kW,2650,2650,2650,2650,2650,2650,2650,2650,2650,2650
HYD_LG,United States,CAPEX,USD/kW,2700,2700,2700,2700,2700,2700,2700,2700,2700,2700
HYD_LG,Japan,CAPEX,USD/kW,2400,2400,2400,2400,2375,2350,2325,2300,2300,2300
HYD_LG,Russia,CAPEX,USD/kW,2100,2050,2075,2100,2100,2100,2100,2100,2100,2100
HYD_LG,China,CAPEX,USD/kW,1600,1650,1675,1700,1725,1750,1775,1800,1800,1800
HYD_LG,India,CAPEX,USD/kW,2000,2050,2075,2100,2125,2150,2175,2200,2200,2200
HYD_LG,Middle East,CAPEX,USD/kW,2150,2150,2150,2150,2175,2200,2225,2250,2250,2250
HYD_LG,Africa,CAPEX,USD/kW,2100,2100,2100,2100,2100,2100,2100,2100,2100,2100
HYD_LG,Brazil,CAPEX,USD/kW,2100,2100,2100,2100,2125,2150,2175,2200,2200,2200
HYD_LG,Europe,OPEX,USD/kW,70,60,60,60,60,60,60,60,60,60
HYD_LG,United States,OPEX,USD/kW,70,65,65,65,65,65,65,65,65,65
HYD_LG,Japan,OPEX,USD/kW,60,55,55,55,55,55,55,55,55,55
HYD_LG,Russia,OPEX,USD/kW,50,50,50,50,53,55,58,60,60,60
HYD_LG,China,OPEX,USD/kW,40,40,40,40,40,40,40,40,40,40
HYD_LG,India,OPEX,USD/kW,50,50,50,50,50,50,50,50,50,50
HYD_LG,Middle East,OPEX,USD/kW,55,55,55,55,55,55,55,55,55,55
HYD_LG,Africa,OPEX,USD/kW,55,50,50,50,50,50,50,50,50,50
HYD_LG,Brazil,OPEX,USD/kW,55,50,50,50,50,50,50,50,50,50
HYD_LG,Europe,Lifetime,year,60,60,60,60,60,60,60,60,60,60
HYD_LG,United States,Lifetime,year,60,60,60,60,60,60,60,60,60,60
HYD_LG,Japan,Lifetime,year,60,60,60,60,60,60,60,60,60,60
HYD_LG,Russia,Lifetime,year,60,60,60,60,60,60,60,60,60,60
HYD_LG,China,Lifetime,year,60,60,60,60,60,60,60,60,60,60
HYD_LG,India,Lifetime,year,60,60,60,60,60,60,60,60,60,60
HYD_LG,Middle East,Lifetime,year,60,60,60,60,60,60,60,60,60,60
HYD_LG,Africa,Lifetime,year,60,60,60,60,60,60,60,60,60,60
HYD_LG,Brazil,Lifetime,year,60,60,60,60,60,60,60,60,60,60
HYD_SM,Europe,CAPEX,USD/kW,3900,3900,3900,3900,3900,3900,3900,3900,3900,3900
HYD_SM,United States,CAPEX,USD/kW,4050,4050,4050,4050,4050,4050,4050,4050,4050,4050
HYD_SM,Japan,CAPEX,USD/kW,3600,3550,3550,3550,3525,3500,3475,3450,3450,3450
HYD_SM,Russia,CAPEX,USD/kW,3500,3500,3525,3550,3575,3600,3625,3650,3650,3650
HYD_SM,China,CAPEX,USD/kW,2000,2000,2050,2100,2125,2150,2175,2200,2200,2200
HYD_SM,India,CAPEX,USD/kW,3050,3100,3125,3150,3200,3250,3300,3350,3350,3350
HYD_SM,Middle East,CAPEX,USD/kW,3400,3400,3400,3400,3425,3450,3475,3500,3500,3500
HYD_SM,Africa,CAPEX,USD/kW,3300,3300,3300,3300,3300,3300,3300,3300,3300,3300
HYD_SM,Brazil,CAPEX,USD/kW,3350,3300,3325,3350,3375,3400,3425,3450,3450,3450
HYD_SM,Europe,OPEX,USD/kW,75,75,75,75,75,75,75,75,75,75
HYD_SM,United States,OPEX,USD/kW,80,80,80,80,80,80,80,80,80,80
HYD_SM,Japan,OPEX,USD/kW,70,70,70,70,70,70,70,70,70,70
HYD_SM,Russia,OPEX,USD/kW,70,70,70,70,70,70,70,70,70,70
HYD_SM,China,OPEX,USD/kW,40,40,40,40,40,40,40,40,40,40
HYD_SM,India,OPEX,USD/kW,60,60,63,65,65,65,65,65,65,65
HYD_SM,Middle East,OPEX,USD/kW,65,65,65,65,68,70,73,75,75,75
HYD_SM,Africa,OPEX,USD/kW,60,60,60,60,60,60,60,60,60,60
HYD_SM,Brazil,OPEX,USD/kW,65,65,65,65,65,65,65,65,65,65
HYD_SM,Europe,Lifetime,year,60,60,60,60,60,60,60,60,60,60
HYD_SM,United States,Lifetime,year,60,60,60,60,60,60,60,60,60,60
HYD_SM,Japan,Lifetime,year,60,60,60,60,60,60,60,60,60,60
HYD_SM,Russia,Lifetime,year,60,60,60,60,60,60,60,60,60,60
HYD_SM,China,Lifetime,year,60,60,60,60,60,60,60,60,60,60
HYD_SM,India,Lifetime,year,60,60,60,60,60,60,60,60,60,60
HYD_SM,Middle East,Lifetime,year,60,60,60,60,60,60,60,60,60,60
HYD_SM,Africa,Lifetime,year,60,60,60,60,60,60,60,60,60,60
HYD_SM,Brazil,Lifetime,year,60,60,60,60,60,60,60,60,60,60
WND_ON,Europe,CAPEX,USD/kW,1840,1780,1760,1740,1720,1700,1680,1660,1660,1660
WND_ON,United States,CAPEX,USD/kW,1720,1660,1590,1520,1500,1480,1460,1440,1440,1440
WND_ON,Japan,CAPEX,USD/kW,2220,2120,2580,3040,3000,2960,2920,2880,2880,2880
WND_ON,Russia,CAPEX,USD/kW,2140,2040,2010,1980,1960,1940,1920,1900,1900,1900
WND_ON,China,CAPEX,USD/kW,1240,1200,1190,1180,1180,1180,1180,1180,1180,1180
WND_ON,India,CAPEX,USD/kW,1360,1320,1180,1040,1040,1040,1040,1040,1040,1040
WND_ON,Middle East,CAPEX,USD/kW,2020,1920,1830,1740,1710,1680,1650,1620,1620,1620
WND_ON,Africa,CAPEX,USD/kW,1880,1820,1780,1740,1730,1720,1710,1700,1700,1700
WND_ON,Brazil,CAPEX,USD/kW,1380,1320,1520,1720,1710,1700,1690,1680,1680,1680
WND_ON,Europe,OPEX,USD/kW,46,44,44,44,44,44,44,44,44,44
WND_ON,United States,OPEX,USD/kW,44,42,40,38,38,38,38,38,38,38
WND_ON,Japan,OPEX,USD/kW,56,54,66,78,77,76,75,74,74,74
WND_ON,Russia,OPEX,USD/kW,54,52,51,50,50,50,50,50,50,50
WND_ON,China,OPEX,USD/kW,30,30,30,30,30,30,30,30,30,30
WND_ON,India,OPEX,USD/kW,34,34,30,26,26,26,26,26,26,26
WND_ON,Middle East,OPEX,USD/kW,50,48,46,44,44,44,44,44,44,44
WND_ON,Africa,OPEX,USD/kW,48,46,45,44,44,44,44,44,44,44
WND_ON,Brazil,OPEX,USD/kW,38,38,41,44,44,44,44,44,44,44
WND_ON,Europe,Lifetime,year,25,25,25,25,25,25,25,25,25,25
WND_ON,United States,Lifetime,year,25,25,25,25,25,25,25,25,25,25
WND_ON,Japan,Lifetime,year,25,25,25,25,25,25,25,25,25,25
WND_ON,Russia,Lifetime,year,25,25,25,25,25,25,25,25,25,25
WND_ON,China,Lifetime,year,25,25,25,25,25,25,25,25,25,25
WND_ON,India,Lifetime,year,25,25,25,25,25,25,25,25,25,25
WND_ON,Middle East,Lifetime,year,25,25,25,25,25,25,25,25,25,25
WND_ON,Africa,Lifetime,year,25,25,25,25,25,25,25,25,25,25
WND_ON,Brazil,Lifetime,year,25,25,25,25,25,25,25,25,25,25
WND_OFF_SH,Europe,CAPEX,USD/kW,4600,3850,3525,3200,3050,2900,2750,2600,2600,2600
WND_OFF_SH,United States,CAPEX,USD/kW,5200,4450,4000,3550,3400,3250,3100,2950,2950,2950
WND_OFF_SH,Japan,CAPEX,USD/kW,5400,4450,4050,3650,3475,3300,3125,2950,2950,2950
WND_OFF_SH,Russia,CAPEX,USD/kW,5100,4250,3875,3500,3350,3200,3050,2900,2900,2900
WND_OFF_SH,China,CAPEX,USD/kW,4400,3700,3400,3100,2950,2800,2650,2500,2500,2500
WND_OFF_SH,India,CAPEX,USD/kW,4650,3900,3550,3200,3075,2950,2825,2700,2700,2700
WND_OFF_SH,Middle East,CAPEX,USD/kW,4850,4050,3675,3300,3150,3000,2850,2700,2700,2700
WND_OFF_SH,Africa,CAPEX,USD/kW,4700,3900,3550,3200,3050,2900,2750,2600,2600,2600
WND_OFF_SH,Brazil,CAPEX,USD/kW,4850,4100,3725,3350,3200,3050,2900,2750,2750,2750
WND_OFF_SH,Europe,OPEX,USD/kW,160,140,130,120,118,115,113,110,110,110
WND_OFF_SH,United States,OPEX,USD/kW,180,160,148,135,130,125,120,115,115,115
WND_OFF_SH,Japan,OPEX,USD/kW,190,160,150,140,135,130,125,120,120,120
WND_OFF_SH,Russia,OPEX,USD/kW,175,155,145,135,130,125,120,115,115,115
WND_OFF_SH,China,OPEX,USD/kW,155,135,125,115,113,110,108,105,105,105
WND_OFF_SH,India,OPEX,USD/kW,165,140,133,125,120,115,110,105,105,105
WND_OFF_SH,Middle East,OPEX,USD/kW,170,145,135,125,120,115,110,105,105,105
WND_OFF_SH,Africa,OPEX,USD/kW,165,145,135,125,120,115,110,105,105,105
WND_OFF_SH,Brazil,OPEX,USD/kW,170,145,135,125,120,115,110,105,105,105
WND_OFF_SH,Europe,Lifetime,year,25,25,25,25,25,25,25,25,25,25
WND_OFF_SH,United States,Lifetime,year,25,25,25,25,25,25,25,25,25,25
WND_OFF_SH,Japan,Lifetime,year,25,25,25,25,25,25,25,25,25,25
WND_OFF_SH,Russia,Lifetime,year,25,25,25,25,25,25,25,25,25,25
WND_OFF_SH,China,Lifetime,year,25,25,25,25,25,25,25,25,25,25
WND_OFF_SH,India,Lifetime,year,25,25,25,25,25,25,25,25,25,25
WND_OFF_SH,Middle East,Lifetime,year,25,25,25,25,25,25,25,25,25,25
WND_OFF_SH,Africa,Lifetime,year,25,25,25,25,25,25,25,25,25,25
WND_OFF_SH,Brazil,Lifetime,year,25,25,25,25,25,25,25,25,25,25
WND_OFF_IN,Europe,CAPEX,USD/kW,6090,5097,4667,4237,4038,3840,3641,3442,3442,3442
WND_OFF_IN,United States,CAPEX,USD/kW,6885,5892,5296,4700,4502,4303,4104,3906,3906,3906
WND_OFF_IN,Japan,CAPEX,USD/kW,7150,5892,5362,4833,4601,4369,4138,3906,3906,3906
WND_OFF_IN,Russia,CAPEX,USD/kW,6752,5627,5131,4634,4435,4237,4038,3840,3840,3840
WND_OFF_IN,China,CAPEX,USD/kW,5826,4899,4502,4104,3906,3707,3509,3310,3310,3310
WND_OFF_IN,India,CAPEX,USD/kW,6157,5164,4700,4237,4071,3906,3740,3575,3575,3575
WND_OFF_IN,Middle East,CAPEX,USD/kW,6421,5362,4866,4369,4171,3972,3773,3575,3575,3575
WND_OFF_IN,Africa,CAPEX,USD/kW,6223,5164,4700,4237,4038,3840,3641,3442,3442,3442
WND_OFF_IN,Brazil,CAPEX,USD/kW,6421,5428,4932,4435,4237,4038,3840,3641,3641,3641
WND_OFF_IN,Europe,OPEX,USD/kW,175,153,142,131,129,126,123,121,121,121
WND_OFF_IN,United States,OPEX,USD/kW,197,175,162,148,142,137,131,126,126,126
WND_OFF_IN,Japan,OPEX,USD/kW,208,175,164,153,148,142,137,131,131,131
WND_OFF_IN,Russia,OPEX,USD/kW,192,170,159,148,142,137,131,126,126,126
WND_OFF_IN,China,OPEX,USD/kW,170,148,137,126,123,121,118,115,115,115
WND_OFF_IN,India,OPEX,USD/kW,181,153,145,137,131,126,121,115,115,115
WND_OFF_IN,Middle East,OPEX,USD/kW,186,159,148,137,131,126,121,115,115,115
WND_OFF_IN,Africa,OPEX,USD/kW,181,159,148,137,131,126,121,115,115,115
WND_OFF_IN,Brazil,OPEX,USD/kW,186,159,148,137,131,126,121,115,115,115
WND_OFF_IN,Europe,Lifetime,year,25,25,25,25,25,25,25,25,25,25
WND_OFF_IN,United States,Lifetime,year,25,25,25,25,25,25,25,25,25,25
WND_OFF_IN,Japan,Lifetime,year,25,25,25,25,25,25,25,25,25,25
WND_OFF_IN,Russia,Lifetime,year,25,25,25,25,25,25,25,25,25,25
WND_OFF_IN,China,Lifetime,year,25,25,25,25,25,25,25,25,25,25
WND_OFF_IN,India,Lifetime,year,25,25,25,25,25,25,25,25,25,25
WND_OFF_IN,Middle East,Lifetime,year,25,25,25,25,25,25,25,25,25,25
WND_OFF_IN,Africa,Lifetime,year,25,25,25,25,25,25,25,25,25,25
WND_OFF_IN,Brazil,Lifetime,year,25,25,25,25,25,25,25,25,25,25
WND_OFF_DE,Europe,CAPEX,USD/kW,7912,6622,6063,5504,5246,4988,4730,4472,4472,4472
WND_OFF_DE,United States,CAPEX,USD/kW,8944,7654,6880,6106,5848,5590,5332,5074,5074,5074
WND_OFF_DE,Japan,CAPEX,USD/kW,9288,7654,6966,6278,5977,5676,5375,5074,5074,5074
WND_OFF_DE,Russia,CAPEX,USD/kW,8772,7310,6665,6020,5762,5504,5246,4988,4988,4988
WND_OFF_DE,China,CAPEX,USD/kW,7568,6364,5848,5332,5074,4816,4558,4300,4300,4300
WND_OFF_DE,India,CAPEX,USD/kW,7998,6708,6106,5504,5289,5074,4859,4644,4644,4644
WND_OFF_DE,Middle East,CAPEX,USD/kW,8342,6966,6321,5676,5418,5160,4902,4644,4644,4644
WND_OFF_DE,Africa,CAPEX,USD/kW,8084,6708,6106,5504,5246,4988,4730,4472,4472,4472
WND_OFF_DE,Brazil,CAPEX,USD/kW,8342,7052,6407,5762,5504,5246,4988,4730,4730,4730
WND_OFF_DE,Europe,OPEX,USD/kW,142,125,116,107,105,102,100,98,98,98
WND_OFF_DE,United States,OPEX,USD/kW,160,142,131,120,116,111,107,102,102,102
WND_OFF_DE,Japan,OPEX,USD/kW,169,142,133,125,120,116,111,107,107,107
WND_OFF_DE,Russia,OPEX,USD/kW,156,138,129,120,116,111,107,102,102,102
WND_OFF_DE,China,OPEX,USD/kW,138,120,111,102,100,98,96,93,93,93
WND_OFF_DE,India,OPEX,USD/kW,147,125,118,111,107,102,98,93,93,93
WND_OFF_DE,Middle East,OPEX,USD/kW,151,129,120,111,107,102,98,93,93,93
WND_OFF_DE,Africa,OPEX,USD/kW,147,129,120,111,107,102,98,93,93,93
WND_OFF_DE,Brazil,OPEX,USD/kW,151,129,120,111,107,102,98,93,93,93
WND_OFF_DE,Europe,Lifetime,year,25,25,25,25,25,25,25,25,25,25
WND_OFF_DE,United States,Lifetime,year,25,25,25,25,25,25,25,25,25,25
WND_OFF_DE,Japan,Lifetime,year,25,25,25,25,25,25,25,25,25,25
WND_OFF_DE,Russia,Lifetime,year,25,25,25,25,25,25,25,25,25,25
WND_OFF_DE,China,Lifetime,year,25,25,25,25,25,25,25,25,25,25
WND_OFF_DE,India,Lifetime,year,25,25,25,25,25,25,25,25,25,25
WND_OFF_DE,Middle East,Lifetime,year,25,25,25,25,25,25,25,25,25,25
WND_OFF_DE,Africa,Lifetime,year,25,25,25,25,25,25,25,25,25,25
WND_OFF_DE,Brazil,Lifetime,year,25,25,25,25,25,25,25,25,25,25
PV_FT,Europe,CAPEX,USD/kW,1320,1040,950,860,810,760,710,660,660,660
PV_FT,United States,CAPEX,USD/kW,2220,1620,1290,960,910,860,810,760,760,760
PV_FT,Japan,CAPEX,USD/kW,2020,1500,1390,1280,1210,1140,1070,1000,1000,1000
PV_FT,Russia,CAPEX,USD/kW,2580,1760,1530,1300,1210,1120,1030,940,940,940
PV_FT,China,CAPEX,USD/kW,1360,1020,870,720,680,640,600,560,560,560
PV_FT,India,CAPEX,USD/kW,1340,1000,850,700,660,620,580,540,540,540
PV_FT,Middle East,CAPEX,USD/kW,2360,1640,1580,1520,1400,1280,1160,1040,1040,1040
PV_FT,Africa,CAPEX,USD/kW,2400,1760,1540,1320,1230,1140,1050,960,960,960
PV_FT,Brazil,CAPEX,USD/kW,1980,1360,1290,1220,1140,1060,980,900,900,900
PV_FT,Europe,OPEX,USD/kW,14,12,15,18,18,18,18,18,18,18
PV_FT,United States,OPEX,USD/kW,22,20,16,12,11,10,9,8,8,8
PV_FT,Japan,OPEX,USD/kW,20,18,22,26,26,26,26,26,26,26
PV_FT,Russia,OPEX,USD/kW,26,24,27,30,29,28,27,26,26,26
PV_FT,China,OPEX,USD/kW,14,12,14,16,16,16,16,16,16,16
PV_FT,India,OPEX,USD/kW,14,12,14,16,16,16,16,16,16,16
PV_FT,Middle East,OPEX,USD/kW,24,22,29,36,35,34,33,32,32,32
PV_FT,Africa,OPEX,USD/kW,24,22,26,30,29,28,27,26,26,26
PV_FT,Brazil,OPEX,USD/kW,24,22,25,28,28,28,28,28,28,28
PV_FT,Europe,Lifetime,year,25,25,25,25,25,25,25,25,25,25
PV_FT,United States,Lifetime,year,25,25,25,25,25,25,25,25,25,25
PV_FT,Japan,Lifetime,year,25,25,25,25,25,25,25,25,25,25
PV_FT,Russia,Lifetime,year,25,25,25,25,25,25,25,25,25,25
PV_FT,China,Lifetime,year,25,25,25,25,25,25,25,25,25,25
PV_FT,India,Lifetime,year,25,25,25,25,25,25,25,25,25,25
PV_FT,Middle East,Lifetime,year,25,25,25,25,25,25,25,25,25,25
PV_FT,Africa,Lifetime,year,25,25,25,25,25,25,25,25,25,25
PV_FT,Brazil,Lifetime,year,25,25,25,25,25,25,25,25,25,25
PV_TK,Europe,CAPEX,USD/kW,1407,1109,1013,917,863,810,757,704,704,704
PV_TK,United States,CAPEX,USD/kW,2367,1727,1375,1023,970,917,863,810,810,810
PV_TK,Japan,CAPEX,USD/kW,2153,1599,1482,1364,1290,1215,1141,1066,1066,1066
PV_TK,Russia,CAPEX,USD/kW,2750,1876,1631,1386,1290,1194,1098,1002,1002,1002
PV_TK,China,CAPEX,USD/kW,1450,1087,927,768,725,682,640,597,597,597
PV_TK,India,CAPEX,USD/kW,1428,1066,906,746,704,661,618,576,576,576
PV_TK,Middle East,CAPEX,USD/kW,2516,1748,1684,1620,1492,1364,1237,1109,1109,1109
PV_TK,Africa,CAPEX,USD/kW,2558,1876,1642,1407,1311,1215,1119,1023,1023,1023
PV_TK,Brazil,CAPEX,USD/kW,2111,1450,1375,1301,1215,1130,1045,959,959,959
PV_TK,Europe,OPEX,USD/kW,15,13,16,19,19,19,19,19,19,19
PV_TK,United States,OPEX,USD/kW,24,22,17,13,12,11,10,9,9,9
PV_TK,Japan,OPEX,USD/kW,22,19,24,28,28,28,28,28,28,28
PV_TK,Russia,OPEX,USD/kW,28,26,29,32,31,30,29,28,28,28
PV_TK,China,OPEX,USD/kW,15,13,15,17,17,17,17,17,17,17
PV_TK,India,OPEX,USD/kW,15,13,15,17,17,17,17,17,17,17
PV_TK,Middle East,OPEX,USD/kW,26,24,31,39,38,37,36,34,34,34
PV_TK,Africa,OPEX,USD/kW,26,24,28,32,31,30,29,28,28,28
PV_TK,Brazil,OPEX,USD/kW,26,24,27,30,30,30,30,30,30,30
PV_TK,Europe,Lifetime,year,25,25,25,25,25,25,25,25,25,25
PV_TK,United States,Lifetime,year,25,25,25,25,25,25,25,25,25,25
PV_TK,Japan,Lifetime,year,25,25,25,25,25,25,25,25,25,25
PV_TK,Russia,Lifetime,year,25,25,25,25,25,25,25,25,25,25
PV_TK,China,Lifetime,year,25,25,25,25,25,25,25,25,25,25
PV_TK,India,Lifetime,year,25,25,25,25,25,25,25,25,25,25
PV_TK,Middle East,Lifetime,year,25,25,25,25,25,25,25,25,25,25
PV_TK,Africa,Lifetime,year,25,25,25,25,25,25,25,25,25,25
PV_TK,Brazil,Lifetime,year,25,25,25,25,25,25,25,25,25,25
PV_Dist,Europe,CAPEX,USD/kW,1600,1280,1200,1120,1060,1000,940,880,880,880
PV_Dist,United States,CAPEX,USD/kW,3480,2520,2380,2240,2110,1980,1850,1720,1720,1720
PV_Dist,Japan,CAPEX,USD/kW,2880,2120,1930,1740,1650,1560,1470,1380,1380,1380
PV_Dist,Russia,CAPEX,USD/kW,3480,2300,1980,1660,1550,1440,1330,1220,1220,1220
PV_Dist,China,CAPEX,USD/kW,1480,1120,1000,880,830,780,730,680,680,680
PV_Dist,India,CAPEX,USD/kW,1460,1080,920,760,720,680,640,600,600,600
PV_Dist,Middle East,CAPEX,USD/kW,3000,2000,1930,1860,1720,1580,1440,1300,1300,1300
PV_Dist,Africa,CAPEX,USD/kW,2840,2060,1820,1580,1470,1360,1250,1140,1140,1140
PV_Dist,Brazil,CAPEX,USD/kW,2680,1780,1660,1540,1440,1340,1240,1140,1140,1140
PV_Dist,Europe,OPEX,USD/kW,24,24,23,22,22,22,22,22,22,22
PV_Dist,United States,OPEX,USD/kW,54,54,51,48,48,48,48,48,48,48
PV_Dist,Japan,OPEX,USD/kW,38,38,36,34,34,34,34,34,34,34
PV_Dist,Russia,OPEX,USD/kW,44,44,41,38,38,38,38,38,38,38
PV_Dist,China,OPEX,USD/kW,20,20,19,18,18,18,18,18,18,18
PV_Dist,India,OPEX,USD/kW,18,18,18,18,18,18,18,18,18,18
PV_Dist,Middle East,OPEX,USD/kW,50,50,47,44,44,44,44,44,44,44
PV_Dist,Africa,OPEX,USD/kW,38,38,37,36,35,34,33,32,32,32
PV_Dist,Brazil,OPEX,USD/kW,42,42,39,36,36,36,36,36,36,36
PV_Dist,Europe,Lifetime,year,25,25,25,25,25,25,25,25,25,25
PV_Dist,United States,Lifetime,year,25,25,25,25,25,25,25,25,25,25
PV_Dist,Japan,Lifetime,year,25,25,25,25,25,25,25,25,25,25
PV_Dist,Russia,Lifetime,year,25,25,25,25,25,25,25,25,25,25
PV_Dist,China,Lifetime,year,25,25,25,25,25,25,25,25,25,25
PV_Dist,India,Lifetime,year,25,25,25,25,25,25,25,25,25,25
PV_Dist,Middle East,Lifetime,year,25,25,25,25,25,25,25,25,25,25
PV_Dist,Africa,Lifetime,year,25,25,25,25,25,25,25,25,25,25
PV_Dist,Brazil,Lifetime,year,25,25,25,25,25,25,25,25,25,25
CSP_ST6,Europe,CAPEX,USD/kW,5700,5100,4775,4450,4150,3850,3550,3250,3250,3250
CSP_ST6,United States,CAPEX,USD/kW,6550,5950,5625,5300,4950,4600,4250,3900,3900,3900
CSP_ST6,Japan,CAPEX,USD/kW,6550,5950,5625,5300,4950,4600,4250,3900,3900,3900
CSP_ST6,Russia,CAPEX,USD/kW,6550,5950,5625,5300,4950,4600,4250,3900,3900,3900
CSP_ST6,China,CAPEX,USD/kW,4900,4350,4050,3750,3500,3250,3000,2750,2750,2750
CSP_ST6,India,CAPEX,USD/kW,5700,5150,4850,4550,4250,3950,3650,3350,3350,3350
CSP_ST6,Middle East,CAPEX,USD/kW,5250,4700,4375,4050,3775,3500,3225,2950,2950,2950
CSP_ST6,Africa,CAPEX,USD/kW,5050,4550,4275,4000,3700,3400,3100,2800,2800,2800
CSP_ST6,Brazil,CAPEX,USD/kW,5350,4850,4525,4200,3900,3600,3300,3000,3000,3000
CSP_ST6,Europe,OPEX,USD/kW,230,200,190,180,165,150,135,120,120,120
CSP_ST6,United States,OPEX,USD/kW,260,240,225,210,195,180,165,150,150,150
CSP_ST6,Japan,OPEX,USD/kW,260,240,225,210,195,180,165,150,150,150
CSP_ST6,Russia,OPEX,USD/kW,260,240,225,210,195,180,165,150,150,150
CSP_ST6,China,OPEX,USD/kW,200,170,160,150,140,130,120,110,110,110
CSP_ST6,India,OPEX,USD/kW,230,210,195,180,170,160,150,140,140,140
CSP_ST6,Middle East,OPEX,USD/kW,210,190,175,160,150,140,130,120,120,120
CSP_ST6,Africa,OPEX,USD/kW,200,180,170,160,150,140,130,120,120,120
CSP_ST6,Brazil,OPEX,USD/kW,210,190,180,170,155,140,125,110,110,110
CSP_ST6,Europe,Lifetime,year,40,40,40,40,40,40,40,40,40,40
CSP_ST6,United States,Lifetime,year,40,40,40,40,40,40,40,40,40,40
CSP_ST6,Japan,Lifetime,year,40,40,40,40,40,40,40,40,40,40
CSP_ST6,Russia,Lifetime,year,40,40,40,40,40,40,40,40,40,40
CSP_ST6,China,Lifetime,year,40,40,40,40,40,40,40,40,40,40
CSP_ST6,India,Lifetime,year,40,40,40,40,40,40,40,40,40,40
CSP_ST6,Middle East,Lifetime,year,40,40,40,40,40,40,40,40,40,40
CSP_ST6,Africa,Lifetime,year,40,40,40,40,40,40,40,40,40,40
CSP_ST6,Brazil,Lifetime,year,40,40,40,40,40,40,40,40,40,40
CSP_ST9,Europe,CAPEX,USD/kW,7068,6324,5921,5518,5146,4774,4402,4030,4030,4030
CSP_ST9,United States,CAPEX,USD/kW,8122,7378,6975,6572,6138,5704,5270,4836,4836,4836
CSP_ST9,Japan,CAPEX,USD/kW,8122,7378,6975,6572,6138,5704,5270,4836,4836,4836
CSP_ST9,Russia,CAPEX,USD/kW,8122,7378,6975,6572,6138,5704,5270,4836,4836,4836
CSP_ST9,China,CAPEX,USD/kW,6076,5394,5022,4650,4340,4030,3720,3410,3410,3410
CSP_ST9,India,CAPEX,USD/kW,7068,6386,6014,5642,5270,4898,4526,4154,4154,4154
CSP_ST9,Middle East,CAPEX,USD/kW,6510,5828,5425,5022,4681,4340,3999,3658,3658,3658
CSP_ST9,Africa,CAPEX,USD/kW,6262,5642,5301,4960,4588,4216,3844,3472,3472,3472
CSP_ST9,Brazil,CAPEX,USD/kW,6634,6014,5611,5208,4836,4464,4092,3720,3720,3720
CSP_ST9,Europe,OPEX,USD/kW,252,219,208,197,181,164,148,131,131,131
CSP_ST9,United States,OPEX,USD/kW,285,263,246,230,214,197,181,164,164,164
CSP_ST9,Japan,OPEX,USD/kW,285,263,246,230,214,197,181,164,164,164
CSP_ST9,Russia,OPEX,USD/kW,285,263,246,230,214,197,181,164,164,164
CSP_ST9,China,OPEX,USD/kW,219,186,175,164,153,142,131,120,120,120
CSP_ST9,India,OPEX,USD/kW,252,230,214,197,186,175,164,153,153,153
CSP_ST9,Middle East,OPEX,USD/kW,230,208,192,175,164,153,142,131,131,131
CSP_ST9,Africa,OPEX,USD/kW,219,197,186,175,164,153,142,131,131,131
CSP_ST9,Brazil,OPEX,USD/kW,230,208,197,186,170,153,137,120,120,120
CSP_ST9,Europe,Lifetime,year,40,40,40,40,40,40,40,40,40,40
CSP_ST9,United States,Lifetime,year,40,40,40,40,40,40,40,40,40,40
CSP_ST9,Japan,Lifetime,year,40,40,40,40,40,40,40,40,40,40
CSP_ST9,Russia,Lifetime,year,40,40,40,40,40,40,40,40,40,40
CSP_ST9,China,Lifetime,year,40,40,40,40,40,40,40,40,40,40
CSP_ST9,India,Lifetime,year,40,40,40,40,40,40,40,40,40,40
CSP_ST9,Middle East,Lifetime,year,40,40,40,40,40,40,40,40,40,40
CSP_ST9,Africa,Lifetime,year,40,40,40,40,40,40,40,40,40,40
CSP_ST9,Brazil,Lifetime,year,40,40,40,40,40,40,40,40,40,40
GEO_hydro,Europe,CAPEX,USD/kW,2900,2800,2775,2750,2675,2600,2525,2450,2450,2450
GEO_hydro,United States,CAPEX,USD/kW,2200,2150,2100,2050,2025,2000,1975,1950,1950,1950
GEO_hydro,Japan,CAPEX,USD/kW,2850,2750,2700,2650,2600,2550,2500,2450,2450,2450
GEO_hydro,Russia,CAPEX,USD/kW,2250,2150,2125,2100,2050,2000,1950,1900,1900,1900
GEO_hydro,China,CAPEX,USD/kW,2300,2300,2275,2250,2200,2150,2100,2050,2050,2050
GEO_hydro,India,CAPEX,USD/kW,3600,3550,3500,3450,3400,3350,3300,3250,3250,3250
GEO_hydro,Middle East,CAPEX,USD/kW,2200,2150,2125,2100,2050,2000,1950,1900,1900,1900
GEO_hydro,Africa,CAPEX,USD/kW,3100,3000,2950,2900,2850,2800,2750,2700,2700,2700
GEO_hydro,Brazil,CAPEX,USD/kW,3600,3550,3500,3450,3400,3350,3300,3250,3250,3250
GEO_hydro,Europe,OPEX,USD/kW,60,55,55,55,53,50,48,45,45,45
GEO_hydro,United States,OPEX,USD/kW,45,45,43,40,40,40,40,40,40,40
GEO_hydro,Japan,OPEX,USD/kW,55,55,55,55,53,50,48,45,45,45
GEO_hydro,Russia,OPEX,USD/kW,45,45,43,40,40,40,40,40,40,40
GEO_hydro,China,OPEX,USD/kW,45,45,45,45,45,45,45,45,45,45
GEO_hydro,India,OPEX,USD/kW,70,70,70,70,68,65,63,60,60,60
GEO_hydro,Middle East,OPEX,USD/kW,45,45,43,40,40,40,40,40,40,40
GEO_hydro,Africa,OPEX,USD/kW,60,60,60,60,58,55,53,50,50,50
GEO_hydro,Brazil,OPEX,USD/kW,70,70,70,70,68,65,63,60,60,60
GEO_hydro,Europe,Lifetime,year,35,35,35,35,35,35,35,35,35,35
GEO_hydro,United States,Lifetime,year,35,35,35,35,35,35,35,35,35,35
GEO_hydro,Japan,Lifetime,year,35,35,35,35,35,35,35,35,35,35
GEO_hydro,Russia,Lifetime,year,35,35,35,35,35,35,35,35,35,35
GEO_hydro,China,Lifetime,year,35,35,35,35,35,35,35,35,35,35
GEO_hydro,India,Lifetime,year,35,35,35,35,35,35,35,35,35,35
GEO_hydro,Middle East,Lifetime,year,35,35,35,35,35,35,35,35,35,35
GEO_hydro,Africa,Lifetime,year,35,35,35,35,35,35,35,35,35,35
GEO_hydro,Brazil,Lifetime,year,35,35,35,35,35,35,35,35,35,35
BIO_ST,Europe,CAPEX,USD/kW,2400,2350,2325,2300,2275,2250,2225,2200,2200,2200
BIO_ST,United States,CAPEX,USD/kW,2500,2450,2425,2400,2375,2350,2325,2300,2300,2300
BIO_ST,Japan,CAPEX,USD/kW,2400,2350,2325,2300,2275,2250,2225,2200,2200,2200
BIO_ST,Russia,CAPEX,USD/kW,2300,2250,2225,2200,2200,2200,2200,2200,2200,2200
BIO_ST,China,CAPEX,USD/kW,1600,1600,1600,1600,1600,1600,1600,1600,1600,1600
BIO_ST,India,CAPEX,USD/kW,2150,2150,2125,2100,2100,2100,2100,2100,2100,2100
BIO_ST,Middle East,CAPEX,USD/kW,2300,2200,2175,2150,2125,2100,2075,2050,2050,2050
BIO_ST,Africa,CAPEX,USD/kW,2150,2150,2125,2100,2075,2050,2025,2000,2000,2000
BIO_ST,Brazil,CAPEX,USD/kW,2250,2200,2175,2150,2150,2150,2150,2150,2150,2150
BIO_ST,Europe,OPEX,USD/kW,85,80,80,80,80,80,80,80,80,80
BIO_ST,United States,OPEX,USD/kW,90,85,85,85,85,85,85,85,85,85
BIO_ST,Japan,OPEX,USD/kW,85,80,80,80,80,80,80,80,80,80
BIO_ST,Russia,OPEX,USD/kW,80,80,78,75,75,75,75,75,75,75
BIO_ST,China,OPEX,USD/kW,55,55,55,55,55,55,55,55,55,55
BIO_ST,India,OPEX,USD/kW,75,75,75,75,75,75,75,75,75,75
BIO_ST,Middle East,OPEX,USD/kW,80,75,75,75,75,75,75,75,75,75
BIO_ST,Africa,OPEX,USD/kW,75,75,75,75,73,70,68,65,65,65
BIO_ST,Brazil,OPEX,USD/kW,80,75,75,75,75,75,75,75,75,75
BIO_ST,Europe,varOPEX,USD/kWh,0.008,0.008,0.008,0.008,0.008,0.008,0.008,0.008,0.008,0.008
BIO_ST,United States,varOPEX,USD/kWh,0.008,0.008,0.008,0.008,0.008,0.008,0.008,0.008,0.008,0.008
BIO_ST,Japan,varOPEX,USD/kWh,0.008,0.008,0.008,0.008,0.008,0.008,0.008,0.008,0.008,0.008
BIO_ST,Russia,varOPEX,USD/kWh,0.008,0.008,0.008,0.008,0.008,0.008,0.008,0.008,0.008,0.008
BIO_ST,China,varOPEX,USD/kWh,0.008,0.008,0.008,0.008,0.008,0.008,0.008,0.008,0.008,0.008
BIO_ST,India,varOPEX,USD/kWh,0.008,0.008,0.008,0.008,0.008,0.008,0.008,0.008,0.008,0.008
BIO_ST,Middle East,varOPEX,USD/kWh,0.008,0.008,0.008,0.008,0.008,0.008,0.008,0.008,0.008,0.008
BIO_ST,Africa,varOPEX,USD/kWh,0.008,0.008,0.008,0.008,0.008,0.008,0.008,0.008,0.008,0.008
BIO_ST,Brazil,varOPEX,USD/kWh,0.008,0.008,0.008,0.008,0.008,0.008,0.008,0.008,0.008,0.008
BIO_ST,Europe,Lifetime,year,30,30,30,30,30,30,30,30,30,30
BIO_ST,United States,Lifetime,year,30,30,30,30,30,30,30,30,30,30
BIO_ST,Japan,Lifetime,year,30,30,30,30,30,30,30,30,30,30
BIO_ST,Russia,Lifetime,year,30,30,30,30,30,30,30,30,30,30
BIO_ST,China,Lifetime,year,30,30,30,30,30,30,30,30,30,30
BIO_ST,India,Lifetime,year,30,30,30,30,30,30,30,30,30,30
BIO_ST,Middle East,Lifetime,year,30,30,30,30,30,30,30,30,30,30
BIO_ST,Africa,Lifetime,year,30,30,30,30,30,30,30,30,30,30
BIO_ST,Brazil,Lifetime,year,30,30,30,30,30,30,30,30,30,30
BIGCC_CCS,Europe,CAPEX,USD/kW,4251,4210,4042,3873,3769,3665,3561,3456,3456,3456
BIGCC_CCS,United States,CAPEX,USD/kW,4421,4378,4208,4038,3931,3824,3717,3610,3610,3610
BIGCC_CCS,Japan,CAPEX,USD/kW,4931,4883,4708,4533,4417,4302,4187,4072,4072,4072
BIGCC_CCS,Russia,CAPEX,USD/kW,4251,4210,4042,3873,3769,3665,3561,3456,3456,3456
BIGCC_CCS,China,CAPEX,USD/kW,1870,1852,1750,1648,1541,1434,1327,1220,1220,1220
BIGCC_CCS,India,CAPEX,USD/kW,2721,2694,2583,2472,2431,2390,2349,2308,2308,2308
BIGCC_CCS,Middle East,CAPEX,USD/kW,3401,3368,3250,3132,3080,3027,2975,2923,2923,2923
BIGCC_CCS,Africa,CAPEX,USD/kW,3571,3536,3499,3461,3404,3346,3289,3231,3231,3231
BIGCC_CCS,Brazil,CAPEX,USD/kW,3401,3368,3250,3132,3080,3027,2975,2923,2923,2923
BIGCC_CCS,Europe,OPEX,USD/kW,115,114,109,105,100,96,91,86,86,86
BIGCC_CCS,United States,OPEX,USD/kW,115,114,109,105,103,102,100,98,98,98
BIGCC_CCS,Japan,OPEX,USD/kW,128,126,122,117,115,114,112,110,110,110
BIGCC_CCS,Russia,OPEX,USD/kW,115,114,109,105,100,96,91,86,86,86
BIGCC_CCS,China,OPEX,USD/kW,64,63,59,56,52,48,48,48,48,48
BIGCC_CCS,India,OPEX,USD/kW,89,88,87,87,85,84,82,81,81,81
BIGCC_CCS,Middle East,OPEX,USD/kW,115,114,109,105,103,102,100,98,98,98
BIGCC_CCS,Africa,OPEX,USD/kW,121,120,113,105,103,102,100,98,98,98
BIGCC_CCS,Brazil,OPEX,USD/kW,115,114,109,105,103,102,100,98,98,98
BIGCC_CCS,Europe,varOPEX,USD/kWh,0.001,0.001,0.001,0.001,0.001,0.001,0.001,0.001,0.001,0.001
BIGCC_CCS,United States,varOPEX,USD/kWh,0.001,0.001,0.001,0.001,0.001,0.001,0.001,0.001,0.001,0.001
BIGCC_CCS,Japan,varOPEX,USD/kWh,0.001,0.001,0.001,0.001,0.001,0.001,0.001,0.001,0.001,0.001
BIGCC_CCS,Russia,varOPEX,USD/kWh,0.001,0.001,0.001,0.001,0.001,0.001,0.001,0.001,0.001,0.001
BIGCC_CCS,China,varOPEX,USD/kWh,0.001,0.001,0.001,0.001,0.001,0.001,0.001,0.001,0.001,0.001
BIGCC_CCS,India,varOPEX,USD/kWh,0.001,0.001,0.001,0.001,0.001,0.001,0.001,0.001,0.001,0.001
BIGCC_CCS,Middle East,varOPEX,USD/kWh,0.001,0.001,0.001,0.001,0.001,0.001,0.001,0.001,0.001,0.001
BIGCC_CCS,Africa,varOPEX,USD/kWh,0.001,0.001,0.001,0.001,0.001,0.001,0.001,0.001,0.001,0.001
BIGCC_CCS,Brazil,varOPEX,USD/kWh,0.001,0.001,0.001,0.001,0.001,0.001,0.001,0.001,0.001,0.001
BIGCC_CCS,Europe,Lifetime,year,40,40,40,40,40,40,40,40,40,40
BIGCC_CCS,United States,Lifetime,year,40,40,40,40,40,40,40,40,40,40
BIGCC_CCS,Japan,Lifetime,year,40,40,40,40,40,40,40,40,40,40
BIGCC_CCS,Russia,Lifetime,year,40,40,40,40,40,40,40,40,40,40
BIGCC_CCS,China,Lifetime,year,40,40,40,40,40,40,40,40,40,40
BIGCC_CCS,India,Lifetime,year,40,40,40,40,40,40,40,40,40,40
BIGCC_CCS,Middle East,Lifetime,year,40,40,40,40,40,40,40,40,40,40
BIGCC_CCS,Africa,Lifetime,year,40,40,40,40,40,40,40,40,40,40
BIGCC_CCS,Brazil,Lifetime,year,40,40,40,40,40,40,40,40,40,40
